period,date,commits,cumulative
day,2026-03-17,1,1
day,2026-03-18,0,1
day,2026-03-19,11,12
day,2026-03-20,9,21
day,2026-03-21,17,38
day,2026-03-22,22,60
day,2026-03-23,6,66
day,2026-03-24,8,74
day,2026-03-25,1,75
day,2026-03-26,4,79
day,2026-03-27,0,79
day,2026-03-28,2,81
day,2026-03-29,1,82
day,2026-03-30,0,82
day,2026-03-31,0,82
day,2026-04-01,0,82
day,2026-04-02,0,82
day,2026-04-03,0,82
day,2026-04-04,0,82
day,2026-04-05,5,87
day,2026-04-06,2,89
day,2026-04-07,7,96
day,2026-04-08,8,104
day,2026-04-09,9,113
day,2026-04-10,40,153
day,2026-04-11,0,153
day,2026-04-12,0,153
day,2026-04-13,11,164
day,2026-04-14,20,184
day,2026-04-15,20,204
week,2026-W12,60,60
week,2026-W13,22,82
week,2026-W14,5,87
week,2026-W15,66,153
week,2026-W16,51,204
month,2026-03,82,82
month,2026-04,122,204
